time,seconds_elapsed,z,y,x
1783170055426275800,0.07027587890625,0.06217284873127937,-0.018064765259623528,0.03367207944393158
1783170055436344800,0.0803447265625,0.05921916663646698,-0.016291365027427673,0.05629918351769447
1783170055446414800,0.090414794921875,0.06394068151712418,-0.02559325471520424,0.07179532200098038
1783170055456484900,0.10048486328125,0.07121908664703369,-0.03141319379210472,0.07104572653770447
1783170055466556000,0.110555908203125,0.0664493665099144,-0.0462171733379364,0.048653069883584976
1783170055476626000,0.1206259765625,0.07383321970701218,-0.042574502527713776,0.018100932240486145
1783170055486695000,0.13069482421875,0.07662181556224823,-0.017180994153022766,-0.011928871273994446
1783170055496765000,0.140764892578125,0.07878021895885468,-0.03467290475964546,-0.03718149662017822
1783170055506834700,0.150834716796875,0.09145234525203705,-0.04358863830566406,-0.04347347840666771
1783170055516904000,0.160904052734375,0.09579400718212128,-0.03799600154161453,-0.05667503550648689
1783170055526973700,0.1709736328125,0.10406897962093353,-0.02607063204050064,-0.06646987795829773
1783170055537043700,0.181043701171875,0.10891614109277725,0.0037040389142930508,-0.05838736519217491
1783170055547113000,0.191113037109375,0.11123255640268326,0.026425596326589584,-0.05511487275362015
1783170055557182700,0.2011826171875,0.1152322068810463,0.019452380016446114,-0.05121990665793419
1783170055567253000,0.2112529296875,0.11883226782083511,-0.007712130434811115,-0.043910861015319824
1783170055577321700,0.22132177734375,0.12140800058841705,-0.03653991222381592,-0.0488753542304039
1783170055587391700,0.231391845703125,0.12711729109287262,-0.0740518644452095,-0.07994884252548218
1783170055597462000,0.2414619140625,0.1177978515625,-0.10881651192903519,-0.10828559100627899
1783170055607530800,0.25153076171875,0.10906774550676346,-0.11577028781175613,-0.12205678969621658
1783170055617601000,0.26160107421875,0.10384876281023026,-0.09980423748493195,-0.11922408640384674
1783170055627670800,0.2716708984375,0.1029113307595253,-0.08220793306827545,-0.10982418060302734
1783170055637739800,0.28173974609375,0.11154551804065704,-0.05151859670877457,-0.09742823988199234
1783170055647809800,0.291809814453125,0.12025298923254013,-0.016841839998960495,-0.09183533489704132
1783170055657879800,0.3018798828125,0.1305295079946518,0.028646014630794525,-0.08581764996051788
1783170055667948800,0.31194873046875,0.13296683132648468,0.060597024857997894,-0.0786561444401741
1783170055678018800,0.322018798828125,0.14766286313533783,0.08207022398710251,-0.07906485348939896
1783170055688088800,0.3320888671875,0.1505449265241623,0.09199369698762894,-0.0830468088388443
1783170055698157800,0.34215771484375,0.14220595359802246,0.0977286770939827,-0.09800587594509125
1783170055708227800,0.352227783203125,0.13095755875110626,0.09677526354789734,-0.11411293596029282
1783170055718297600,0.362297607421875,0.12145113199949265,0.08945303410291672,-0.10894312709569931
1783170055728366800,0.372366943359375,0.1281694918870926,0.09206266701221466,-0.10789676755666733
1783170055738436900,0.382436767578125,0.14947983622550964,0.10984551906585693,-0.11623743921518326
1783170055748507000,0.3925068359375,0.16628943383693695,0.12506656348705292,-0.1442538946866989
1783170055758575900,0.402575927734375,0.1895499974489212,0.12479185312986374,-0.17210699617862701
1783170055768646000,0.41264599609375,0.21775846183300018,0.10847067087888718,-0.19764591753482819
1783170055778716000,0.4227158203125,0.23273563385009766,0.07906004786491394,-0.21134814620018005
1783170055788784600,0.43278466796875,0.24238160252571106,0.04289592057466507,-0.220054030418396
1783170055798855000,0.44285498046875,0.2423449456691742,0.027876216918230057,-0.20194293558597565
1783170055808925000,0.452925048828125,0.25249239802360535,0.036293137818574905,-0.13737806677818298
1783170055818994000,0.462993896484375,0.2519250810146332,0.03419790416955948,-0.05826538801193237
1783170055829064000,0.47306396484375,0.2529951333999634,0.018368074670433998,0.03375774621963501
1783170055839133700,0.4831337890625,0.2470240443944931,-0.01773640140891075,0.12120867520570755
1783170055849203000,0.493202880859375,0.2362574189901352,-0.05245310068130493,0.1844656765460968
1783170055859272700,0.503272705078125,0.23214341700077057,-0.08240966498851776,0.2108050435781479
1783170055869342700,0.5133427734375,0.24919697642326355,-0.11332790553569794,0.17115484178066254
1783170055879413000,0.5234130859375,0.28933537006378174,-0.13905149698257446,0.06093193218111992
1783170055889481700,0.533481689453125,0.35134148597717285,-0.1515028476715088,-0.08055276423692703
1783170055899551700,0.5435517578125,0.40579190850257874,-0.16676528751850128,-0.19583141803741455
1783170055909621800,0.553621826171875,0.45305556058883667,-0.1867392659187317,-0.19983281195163727
1783170055919690800,0.563690673828125,0.4860425293445587,-0.1897498369216919,-0.08130181580781937
1783170055929761000,0.573760986328125,0.4801388382911682,-0.10819506645202637,0.06907863169908524
1783170055939830800,0.583830810546875,0.44145673513412476,-0.009533463045954704,0.2528393268585205
1783170055949900000,0.593900146484375,0.35765743255615234,0.12045223265886307,0.437732994556427
1783170055959969800,0.6039697265625,0.25074073672294617,0.2623985707759857,0.5518812537193298
1783170055970039800,0.614039794921875,0.1180596724152565,0.38053080439567566,0.4865206182003021
1783170055980108800,0.62410888671875,0.013487126678228378,0.4193226993083954,0.24212266504764557
1783170055990178800,0.6341787109375,-0.04265843704342842,0.3194831609725952,-0.12932278215885162
1783170056000248800,0.644248779296875,-0.04034193605184555,0.07227777689695358,-0.5653705596923828
1783170056010317800,0.65431787109375,0.03120494820177555,-0.2398255169391632,-0.9105189442634583
1783170056020387800,0.664387939453125,0.12601102888584137,-0.4964030086994171,-0.954278826713562
1783170056030457900,0.674457763671875,0.15643736720085144,-0.5781697034835815,-0.6528827548027039
1783170056040526800,0.68452685546875,0.1268865019083023,-0.458871990442276,-0.22791585326194763
1783170056050596600,0.6945966796875,0.09792037308216095,-0.16459853947162628,0.21620354056358337
1783170056060667000,0.7046669921875,0.07342381030321121,0.14419005811214447,0.543504536151886
1783170056070736000,0.71473583984375,0.054295919835567474,0.3438293933868408,0.6885842084884644
1783170056080806100,0.72480615234375,0.040429458022117615,0.4196000397205353,0.6777414083480835
1783170056090876000,0.7348759765625,0.024206016212701797,0.4073162078857422,0.6084076166152954
1783170056100945000,0.74494482421875,0.010881984606385231,0.32870930433273315,0.5350285768508911
1783170056111015000,0.755014892578125,-0.007415529806166887,0.2250814288854599,0.46291497349739075
1783170056121085000,0.7650849609375,-0.002291342243552208,0.13675183057785034,0.39815276861190796
1783170056131154200,0.775154296875,0.014635443687438965,0.0598626472055912,0.3203948438167572
1783170056141224000,0.785223876953125,0.036243975162506104,-0.002003908157348633,0.2099412977695465
1783170056151294000,0.7952939453125,0.07683268189430237,-0.041314829140901566,0.08689074218273163
1783170056161363000,0.805363037109375,0.12252122908830643,-0.06560712307691574,-0.02195088006556034
1783170056171433000,0.815432861328125,0.15565147995948792,-0.06822261214256287,-0.10294239968061447
1783170056181503000,0.8255029296875,0.1613079309463501,-0.03745897859334946,-0.15313118696212769
1783170056191572000,0.835572021484375,0.14009718596935272,-0.013115555979311466,-0.167527437210083
1783170056201642000,0.84564208984375,0.09011861681938171,-0.007792157121002674,-0.17908181250095367
1783170056211712000,0.8557119140625,0.03816460445523262,-0.028341908007860184,-0.1605328917503357
1783170056221781000,0.865781005859375,-0.006884259171783924,-0.03799813240766525,-0.14479264616966248
1783170056231850800,0.875850830078125,-0.04250377416610718,-0.03047017566859722,-0.15960195660591125
1783170056241921000,0.885921142578125,-0.0644363984465599,0.009142350405454636,-0.1815640777349472
1783170056251989800,0.89598974609375,-0.07161148637533188,0.07466942816972733,-0.20482517778873444
1783170056262060000,0.90606005859375,-0.07860640436410904,0.14169640839099884,-0.2003261297941208
1783170056272130000,0.916130126953125,-0.08347252756357193,0.19163547456264496,-0.18245472013950348
1783170056282198800,0.92619873046875,-0.08118106424808502,0.20563556253910065,-0.17875444889068604
1783170056292269000,0.93626904296875,-0.06594964861869812,0.1873931735754013,-0.18054887652397156
1783170056302338800,0.9463388671875,-0.04803049936890602,0.12611024081707,-0.171164870262146
1783170056312408000,0.956407958984375,-0.030225133523344994,0.044052399694919586,-0.14816634356975555
1783170056322478000,0.96647802734375,-0.011415214277803898,-0.01945161074399948,-0.11218152195215225
1783170056332547800,0.9765478515625,0.00125530653167516,-0.05941900238394737,-0.07920440286397934
1783170056342617000,0.9866171875,0.011723733507096767,-0.07588119804859161,-0.06469008326530457
1783170056352686800,0.996686767578125,0.018409065902233124,-0.04586363956332207,-0.08133164048194885
1783170056362756900,1.0067568359375,0.028623534366488457,-0.017893526703119278,-0.09072834253311157
1783170056372825900,1.016825927734375,0.02983873337507248,0.0034626275300979614,-0.06645043939352036
1783170056382895900,1.026895751953125,0.021298730745911598,0.00003367383033037186,-0.02590780332684517
1783170056392966100,1.036966064453125,0.0042600929737091064,-0.010972905904054642,0.03240343928337097
1783170056403035000,1.047034912109375,-0.0038510530721396208,-0.035871997475624084,0.08231933414936066
1783170056413105000,1.05710498046875,-0.019405243918299675,-0.06639980524778366,0.09404496848583221
1783170056423175000,1.0671748046875,-0.034122880548238754,-0.08157423138618469,0.09320571273565292
1783170056433244000,1.077243896484375,-0.03919726610183716,-0.05887691304087639,0.07447303831577301
1783170056443314200,1.087314208984375,-0.04327400401234627,0.002790706232190132,0.04758638143539429
1783170056453384000,1.097384033203125,-0.05043284595012665,0.05301419645547867,0.011117320507764816
1783170056463453000,1.107452880859375,-0.059317849576473236,0.08507692813873291,-0.02018076553940773
1783170056473523000,1.11752294921875,-0.07241740077733994,0.0860401913523674,-0.03432614728808403
1783170056483593000,1.127593017578125,-0.08116570115089417,0.05526909604668617,-0.025989744812250137
1783170056493662000,1.137661865234375,-0.08083972334861755,0.012354385107755661,-0.010141538456082344
1783170056503732000,1.14773193359375,-0.08647622913122177,-0.032593246549367905,0.01222511101514101
1783170056513802000,1.157802001953125,-0.09270909428596497,-0.05454514920711517,0.0185804795473814
1783170056523871000,1.16787109375,-0.09929336607456207,-0.041449982672929764,0.010794995352625847
1783170056533941000,1.17794091796875,-0.09778228402137756,-0.00013050716370344162,-0.005126181058585644
1783170056544010800,1.1880107421875,-0.09470350295305252,0.053445231169462204,-0.020577752962708473
1783170056554080000,1.198080078125,-0.0854591354727745,0.07232092320919037,-0.03239313140511513
1783170056564149800,1.208149658203125,-0.07951841503381729,0.07169361412525177,-0.04898098483681679
1783170056574220000,1.218219970703125,-0.07193320244550705,0.05862042307853699,-0.07103302329778671
1783170056584290000,1.2282900390625,-0.05070067197084427,0.04822530224919319,-0.05342544987797737
1783170056594359000,1.238359130859375,-0.03962858021259308,0.03217096999287605,-0.016373155638575554
1783170056604429000,1.248428955078125,-0.03635659068822861,0.017686303704977036,0.00905879121273756
1783170056614497800,1.258497802734375,-0.04094814509153366,-0.017852783203125,0.025904616340994835
1783170056624568000,1.268568115234375,-0.04104756936430931,-0.0490727573633194,0.023662229999899864
1783170056634638000,1.27863818359375,-0.047816794365644455,-0.0884486585855484,0.008400187827646732
1783170056644707000,1.28870703125,-0.06060547009110451,-0.1037445217370987,-0.002428753999993205
1783170056654777000,1.298777099609375,-0.06068163737654686,-0.10119134932756424,0.002976131159812212
1783170056664846800,1.308846923828125,-0.055658355355262756,-0.07843729853630066,0.014437666162848473
1783170056674916000,1.318916015625,-0.0494137704372406,-0.03840652480721474,0.016440629959106445
1783170056684985900,1.32898583984375,-0.051513925194740295,-0.009169953875243664,0.018954286351799965
1783170056695056000,1.339055908203125,-0.04324614256620407,0.009972581639885902,0.02229468896985054
1783170056705124900,1.349124755859375,-0.03674187511205673,0.015087192878127098,0.009650634601712227
1783170056715195000,1.35919482421875,-0.03607635200023651,-0.0061035798862576485,-0.0075214277021586895
1783170056725265200,1.36926513671875,-0.03153199329972267,-0.03679864481091499,-0.032268229871988297
1783170056735334000,1.379333984375,-0.025351062417030334,-0.06964340806007385,-0.04195307940244675
1783170056745404000,1.38940380859375,-0.018883751705288887,-0.10447675734758377,-0.04410305991768837
1783170056755474000,1.399473876953125,-0.0075165824964642525,-0.1279570609331131,-0.04697181656956673
1783170056765543000,1.40954296875,0.007594577968120575,-0.1768907755613327,-0.06893667578697205
1783170056775613200,1.41961328125,0.013243941590189934,-0.23564890027046204,-0.1051495373249054
1783170056785683000,1.429682861328125,0.0034763100557029247,-0.30781644582748413,-0.15629048645496368
1783170056795752000,1.439751953125,-0.015082194469869137,-0.37298452854156494,-0.22057253122329712
1783170056805822000,1.449822021484375,-0.03364614397287369,-0.42289161682128906,-0.26345112919807434
1783170056815892000,1.45989208984375,-0.041085150092840195,-0.45167478919029236,-0.3192363679409027
1783170056825961000,1.4699609375,-0.025466199964284897,-0.39773714542388916,-0.35925114154815674
1783170056836031000,1.480031005859375,-0.02439241297543049,-0.2569302022457123,-0.3563171327114105
1783170056846101000,1.49010107421875,-0.0410195030272007,-0.09558179974555969,-0.26900169253349304
1783170056856170000,1.500169921875,-0.08425246179103851,-0.0019048415124416351,-0.15875346958637238
1783170056866240000,1.510239990234375,-0.15057946741580963,0.04336489364504814,-0.12721632421016693
1783170056876309800,1.520309814453125,-0.18600615859031677,0.06349147111177444,-0.15913723409175873
1783170056886379000,1.53037890625,-0.15353724360466003,0.10975030809640884,-0.2450621873140335
1783170056896448800,1.54044873046875,-0.09543398022651672,0.21111713349819183,-0.3509126901626587
1783170056906519000,1.55051904296875,-0.027780307456851006,0.35464608669281006,-0.5355481505393982
1783170056916588000,1.560588134765625,0.028470180928707123,0.514830470085144,-0.7179579138755798
1783170056926657800,1.57065771484375,0.057357653975486755,0.6234880685806274,-0.824377715587616
1783170056936728000,1.58072802734375,0.04800356552004814,0.5795711874961853,-0.7706977128982544
1783170056946796800,1.590796875,0.04343210160732269,0.3348269760608673,-0.5256112217903137
1783170056956867000,1.6008671875,0.04742604121565819,-0.021458707749843597,-0.24435900151729584
1783170056966937000,1.61093701171875,0.06608638912439346,-0.41662082076072693,-0.08256779611110687
1783170056977006000,1.621006103515625,0.07145132124423981,-0.6531020402908325,-0.05176488310098648
1783170056987076000,1.631076171875,0.0564655065536499,-0.7002784013748169,-0.10030267387628555
1783170056997145900,1.641145751953125,0.04285382479429245,-0.6041065454483032,-0.17903369665145874
1783170057007215000,1.651215087890625,0.018160168081521988,-0.4669199287891388,-0.23973949253559113
1783170057017284900,1.661284912109375,-0.022165950387716293,-0.38166096806526184,-0.2643446922302246
1783170057027355000,1.67135498046875,-0.0734318271279335,-0.4013963043689728,-0.2391132116317749
1783170057037423900,1.681423828125,-0.1110556349158287,-0.5004855990409851,-0.14337389171123505
1783170057047494000,1.691493896484375,-0.12855888903141022,-0.6022271513938904,0.052875857800245285
1783170057057564000,1.70156396484375,-0.159434512257576,-0.6510527729988098,0.32254379987716675
1783170057067633000,1.7116328125,-0.21211391687393188,-0.6259605884552002,0.596813440322876
1783170057077702700,1.72170263671875,-0.23218375444412231,-0.5852445960044861,0.7683076858520508
1783170057087772700,1.731772705078125,-0.18553230166435242,-0.49790048599243164,0.807115375995636
1783170057097841700,1.741841552734375,-0.11984889209270477,-0.3294776678085327,0.7125382423400879
1783170057107912000,1.751911865234375,-0.04473066329956055,-0.07779521495103836,0.507347583770752
1783170057117981700,1.761981689453125,0.03468133881688118,0.21049197018146515,0.3091045618057251
1783170057128050700,1.77205078125,0.10818430781364441,0.5119646191596985,0.24622473120689392
1783170057138120700,1.78212060546875,0.1735239028930664,0.7320677042007446,0.2826645076274872
1783170057148190700,1.792190673828125,0.20509874820709229,0.8741020560264587,0.4049748480319977
1783170057158259700,1.802259765625,0.2771332561969757,0.975023090839386,0.5156164765357971
1783170057168329700,1.812329833984375,0.3373117744922638,1.0309420824050903,0.5863329768180847
1783170057178399700,1.822399658203125,0.36800578236579895,0.9071283340454102,0.5650894641876221
1783170057188468700,1.83246875,0.40308305621147156,0.7167812585830688,0.4085395038127899
1783170057198538800,1.842538818359375,0.4927405118942261,0.498933345079422,0.1739903837442398
1783170057208608500,1.8526083984375,0.5825381875038147,0.3004245460033417,-0.06623126566410065
1783170057218677800,1.862677734375,0.6257160305976868,0.1594570130109787,-0.25021255016326904
1783170057228747500,1.87274755859375,0.6097707152366638,0.11463681608438492,-0.35023659467697144
1783170057238817800,1.88281787109375,0.549384593963623,0.14565624296665192,-0.3250180780887604
1783170057248886800,1.89288671875,0.4867779016494751,0.1939481496810913,-0.22104205191135406
1783170057258956500,1.90295654296875,0.46104830503463745,0.24457883834838867,-0.1042691022157669
1783170057269026800,1.91302685546875,0.44030484557151794,0.2598499357700348,0.007790227886289358
1783170057279095600,1.923095458984375,0.40609920024871826,0.24550320208072662,0.12268725037574768
1783170057289165800,1.933165771484375,0.35651934146881104,0.16127341985702515,0.17278531193733215
1783170057299235800,1.94323583984375,0.31207171082496643,0.008286001160740852,0.15764577686786652
1783170057309304800,1.953304931640625,0.29954031109809875,-0.14093756675720215,0.1377439796924591
1783170057319374800,1.963374755859375,0.2823306918144226,-0.20048266649246216,0.12110187113285065
1783170057329444600,1.973444580078125,0.2408076524734497,-0.20115536451339722,0.11478644609451294
1783170057339513900,1.983513916015625,0.17182086408138275,-0.18602782487869263,0.13397426903247833
1783170057349583600,1.99358349609375,0.13273292779922485,-0.08632905036211014,0.17037098109722137
1783170057359653600,2.003653564453125,0.0893992930650711,0.09528761357069016,0.18802906572818756
1783170057369722600,2.01372265625,0.07196155190467834,0.2946498692035675,0.1172027438879013
1783170057379792600,2.023792724609375,0.06802912801504135,0.4037289321422577,-0.04913989081978798
1783170057389862700,2.033862548828125,0.07312461733818054,0.41039803624153137,-0.34856662154197693
1783170057399931600,2.043931640625,0.10601411759853363,0.31731122732162476,-0.5684295296669006
1783170057410001700,2.054001708984375,0.14337681233882904,0.1781657189130783,-0.4241868555545807
1783170057420071700,2.06407177734375,0.16879720985889435,0.028375159949064255,0.04634818807244301
1783170057430140700,2.074140625,0.14058898389339447,-0.08752401173114777,0.3870369493961334
1783170057440211000,2.0842109375,0.11251527070999146,-0.15564261376857758,0.30178332328796387
1783170057450280700,2.09428076171875,0.09728699922561646,-0.14878591895103455,-0.09457254409790039
1783170057460349700,2.104349609375,0.12199661135673523,-0.04978928342461586,-0.44951385259628296
1783170057470419700,2.114419677734375,0.10933282971382141,0.14293701946735382,-0.46634823083877563
1783170057480488700,2.12448876953125,0.02371886372566223,0.34063011407852173,-0.17799019813537598
1783170057490558700,2.134558837890625,-0.0973266139626503,0.3272513449192047,0.24019409716129303
1783170057500628700,2.144628662109375,-0.22354793548583984,0.01270059309899807,0.5284000635147095
1783170057510697700,2.15469775390625,-0.3455686569213867,-0.40725886821746826,0.464107871055603
1783170057520767700,2.164767822265625,-0.42828431725502014,-0.8767299652099609,0.16115812957286835
1783170057530837800,2.174837646484375,-0.4535626769065857,-1.3087852001190186,-0.09588318318128586
1783170057540906800,2.18490673828125,-0.4531216621398926,-1.424225926399231,-0.18373367190361023
1783170057550976800,2.194976806640625,-0.5095953345298767,-1.1876343488693237,0.042631927877664566
1783170057561046500,2.205046630859375,-0.6857349276542664,-0.8573834300041199,0.5000380873680115
1783170057571115800,2.21511572265625,-0.8575304746627808,-0.6498685479164124,1.0459233522415161
1783170057581185800,2.225185791015625,-0.9254527688026428,-0.6301009654998779,1.5619611740112305
1783170057591255600,2.235255615234375,-0.8687618374824524,-0.725013256072998,1.9384444952011108
1783170057601324800,2.24532470703125,-0.7766811847686768,-1.0018248558044434,1.9586049318313599
1783170057611394600,2.25539453125,-0.622069239616394,-1.2642500400543213,1.6310110092163086
1783170057621464800,2.26546484375,-0.46155068278312683,-1.3122093677520752,1.0093305110931396
1783170057631533600,2.275533447265625,-0.34032419323921204,-1.1858066320419312,0.30065974593162537
1783170057641603600,2.285603515625,-0.19056719541549683,-1.0029758214950562,-0.3141328692436218
1783170057651673900,2.295673828125,-0.007843278348445892,-0.8404344916343689,-0.7403848171234131
1783170057661742600,2.30574267578125,0.17039170861244202,-0.5653933882713318,-0.8415340781211853
1783170057671812900,2.315812744140625,0.24255338311195374,-0.17844820022583008,-0.5403108596801758
1783170057681882600,2.325882568359375,0.21766133606433868,0.17789313197135925,-0.12917552888393402
1783170057691951900,2.335951904296875,0.1954156905412674,0.437250554561615,0.1685558408498764
1783170057702021600,2.346021728515625,0.2106151431798935,0.6065713763237,0.3412892818450928
1783170057712091600,2.356091552734375,0.24034154415130615,0.6973414421081543,0.42426586151123047
1783170057722161000,2.366160888671875,0.2639232873916626,0.7394864559173584,0.3542364239692688
1783170057732230700,2.376230712890625,0.2746083736419678,0.7166061997413635,0.11924237012863159
1783170057742300700,2.38630078125,0.2833257019519806,0.6977086663246155,-0.17230479419231415
1783170057752369700,2.39636962890625,0.2933712899684906,0.7239106893539429,-0.3870997428894043
1783170057762439700,2.406439697265625,0.2861602306365967,0.8041485548019409,-0.45481380820274353
1783170057772509700,2.416509765625,0.25286439061164856,0.9478045105934143,-0.3858899772167206
1783170057782578700,2.42657861328125,0.18178676068782806,1.0938516855239868,-0.22971738874912262
1783170057792648700,2.436648681640625,0.11780425906181335,1.1302709579467773,-0.09944799542427063
1783170057802718700,2.44671875,0.09271275997161865,1.0792170763015747,-0.04562177509069443
1783170057812787700,2.45678759765625,0.09600872546434402,0.9893651008605957,-0.03130701929330826
1783170057822857700,2.466857666015625,0.11624182760715485,0.8491105437278748,-0.06084147468209267
1783170057832927700,2.476927734375,0.13379092514514923,0.6557220220565796,-0.15044067800045013
1783170057842996500,2.48699658203125,0.16287264227867126,0.4465014338493347,-0.24181507527828217
1783170057853066800,2.497066650390625,0.194632887840271,0.28989705443382263,-0.3033413887023926
1783170057863136800,2.50713671875,0.2407100945711136,0.19924011826515198,-0.3198777437210083
1783170057873205800,2.517205810546875,0.2698643207550049,0.08815579861402512,-0.2932297885417938
1783170057883275800,2.52727587890625,0.2799268066883087,-0.007506810128688812,-0.2644450068473816
1783170057893345500,2.537345458984375,0.28015953302383423,-0.09046508371829987,-0.2645682394504547
1783170057903414800,2.547414794921875,0.28717485070228577,-0.17377327382564545,-0.2771831154823303
1783170057913484800,2.55748486328125,0.2946467101573944,-0.21183891594409943,-0.25951188802719116
1783170057923553800,2.5675537109375,0.2960991859436035,-0.15744838118553162,-0.19112828373908997
1783170057933623800,2.577623779296875,0.2942230999469757,-0.04942936450242996,-0.09754330664873123
1783170057943693600,2.587693603515625,0.26814568042755127,0.039312221109867096,0.011006069369614124
1783170057953762800,2.5977626953125,0.2370147407054901,0.012245729565620422,0.10101312398910522
1783170057963832600,2.60783251953125,0.21269075572490692,-0.1030140146613121,0.15586331486701965
1783170057973902600,2.617902587890625,0.17371629178524017,-0.26511839032173157,0.17491228878498077
1783170057983971600,2.6279716796875,0.11944665759801865,-0.40499693155288696,0.1666136085987091
1783170057994041600,2.63804150390625,0.08898910880088806,-0.512698769569397,0.1225457489490509
1783170058004112000,2.64811181640625,0.09416629374027252,-0.5150817632675171,0.11716243624687195
1783170058014180600,2.6581806640625,0.126796156167984,-0.44616737961769104,0.23267118632793427
1783170058024250600,2.668250732421875,0.20349864661693573,-0.19686542451381683,0.34663504362106323
1783170058034320600,2.678320556640625,0.28198403120040894,0.210541233420372,0.34179288148880005
1783170058044389600,2.6883896484375,0.35743510723114014,0.5842535495758057,0.18685895204544067
1783170058054460000,2.6984599609375,0.401272714138031,0.8299558758735657,0.012479875236749649
1783170058064529700,2.70852978515625,0.3859938979148865,0.8822068572044373,-0.030148278921842575
1783170058074599000,2.718598876953125,0.3338121771812439,0.7858061194419861,0.11735045164823532
1783170058084668700,2.728668701171875,0.24591028690338135,0.5208128094673157,0.31558260321617126
1783170058094738700,2.73873876953125,0.13271890580654144,0.07123859226703644,0.23588889837265015
1783170058104807700,2.7488076171875,-0.018477000296115875,-0.4964006245136261,-0.18233391642570496
1783170058114877700,2.758877685546875,-0.09254543483257294,-0.900933027267456,-0.842032790184021
1783170058124947700,2.76894775390625,0.03786449506878853,-0.7682822942733765,-1.467560052871704
1783170058135016700,2.7790166015625,0.2928626835346222,-0.2956387400627136,-1.6463375091552734
1783170058145086700,2.789086669921875,0.44293633103370667,0.1985587328672409,-1.2738946676254272
1783170058155156700,2.79915673828125,0.42572274804115295,0.5097034573554993,-0.4890182912349701
1783170058165225700,2.809225830078125,0.26691922545433044,0.4221365749835968,0.44392192363739014
1783170058175295500,2.81929541015625,0.18286867439746857,0.19613753259181976,0.9004071950912476
1783170058185365800,2.82936572265625,0.14484432339668274,-0.08740923553705215,0.8302454352378845
1783170058195434800,2.839434814453125,0.11128885298967361,-0.3716270923614502,0.4301351010799408
1783170058205504800,2.8495048828125,0.07702835649251938,-0.538640558719635,-0.02353254146873951
1783170058215574800,2.85957470703125,0.006506573874503374,-0.6242063641548157,-0.3106616139411926
1783170058225643500,2.8696435546875,-0.02663486823439598,-0.5803142786026001,-0.382962703704834
1783170058235713800,2.8797138671875,-0.028522398322820663,-0.49065494537353516,-0.27429792284965515
1783170058245783800,2.88978369140625,-0.010156974196434021,-0.41570374369621277,-0.10788444429636002
1783170058255852800,2.899852783203125,0.03218092396855354,-0.35034844279289246,0.022682441398501396
1783170058265922800,2.9099228515625,0.06397028267383575,-0.3230675458908081,0.15422768890857697
1783170058275991600,2.919991455078125,0.07942157983779907,-0.2877575159072876,0.2721194326877594
1783170058286061800,2.930061767578125,0.12428173422813416,-0.22208954393863678,0.271891713142395
1783170058296131600,2.940131591796875,0.1642991006374359,-0.16973526775836945,0.14598572254180908
1783170058306200800,2.950200927734375,0.15144188702106476,-0.17277580499649048,-0.07372693717479706
1783170058316270600,2.9602705078125,0.11346601694822311,-0.07816406339406967,-0.3026394546031952
1783170058326340600,2.970340576171875,0.12066134065389633,0.08884356170892715,-0.4292703866958618
1783170058336409900,2.980409912109375,0.20304302871227264,0.29320311546325684,-0.4672805964946747
1783170058346479600,2.990479736328125,0.2821389436721802,0.3732079267501831,-0.41905397176742554
1783170058356549600,3.000549560546875,0.3606988787651062,0.34274402260780334,-0.3383899927139282
1783170058366618600,3.01061865234375,0.4205406606197357,0.26844555139541626,-0.2486843466758728
1783170058376688600,3.020688720703125,0.4259665310382843,0.13103190064430237,-0.2035048007965088
1783170058386759000,3.030759033203125,0.40496325492858887,-0.020415686070919037,-0.23385044932365417
1783170058396827600,3.04082763671875,0.3285757005214691,-0.07780495285987854,-0.2746153175830841
1783170058406897700,3.050897705078125,0.20307184755802155,-0.03505295515060425,-0.2938012480735779
1783170058416967700,3.0609677734375,0.049163058400154114,0.04086151719093323,-0.28873804211616516
1783170058427036700,3.07103662109375,-0.09205132722854614,0.1505962759256363,-0.24789631366729736
1783170058437106700,3.081106689453125,-0.1984451860189438,0.22502963244915009,-0.18724550306797028
1783170058447176700,3.0911767578125,-0.2572762966156006,0.23546388745307922,-0.12324894219636917
1783170058457245700,3.10124560546875,-0.26337847113609314,0.2618277072906494,-0.057532671838998795
1783170058467315700,3.111315673828125,-0.22869746387004852,0.28851765394210815,0.048069652169942856
1783170058477385700,3.1213857421875,-0.16470710933208466,0.33778145909309387,0.1506931036710739
1783170058487454700,3.131454833984375,-0.09157084673643112,0.40111491084098816,0.210963636636734
1783170058497524700,3.141524658203125,-0.015011443756520748,0.46464967727661133,0.237071692943573
1783170058507594800,3.1515947265625,0.06094670295715332,0.4888881742954254,0.24149572849273682
1783170058517663700,3.161663818359375,0.12762466073036194,0.46156173944473267,0.2501383423805237
1783170058527733800,3.171733642578125,0.19050854444503784,0.4174366295337677,0.25517091155052185
1783170058537803800,3.1818037109375,0.2347913682460785,0.3356029987335205,0.25824061036109924
1783170058547872800,3.191872802734375,0.26276761293411255,0.2297671139240265,0.24879518151283264
1783170058557942500,3.201942626953125,0.29332536458969116,0.12247928231954575,0.2409496158361435
1783170058568011800,3.21201171875,0.3200960159301758,0.023416880518198013,0.23521901667118073
1783170058578081500,3.22208154296875,0.3446686565876007,-0.06578277051448822,0.2162831425666809
1783170058588151800,3.23215185546875,0.3570009469985962,-0.1291084736585617,0.1858120560646057
1783170058598220800,3.242220703125,0.3630918860435486,-0.16126614809036255,0.17302283644676208
1783170058608290600,3.25229052734375,0.36341598629951477,-0.13431362807750702,0.20468410849571228
1783170058618360800,3.26236083984375,0.357246994972229,-0.08132325112819672,0.2616352438926697
1783170058628429600,3.2724296875,0.36247798800468445,-0.06552058458328247,0.34866470098495483
1783170058638499800,3.282499755859375,0.3794381320476532,-0.09533093869686127,0.4591335952281952
1783170058648569900,3.29256982421875,0.39062899351119995,-0.1082581877708435,0.5383948683738708
1783170058658638600,3.302638671875,0.3697470724582672,-0.07177434861660004,0.5859867930412292
1783170058668708900,3.312708984375,0.32028844952583313,-0.05870968475937843,0.5599237680435181
1783170058678778600,3.322778564453125,0.2904154360294342,-0.07319247722625732,0.4261953830718994
1783170058688848000,3.332847900390625,0.30064305663108826,-0.06543362885713577,0.2340589463710785
1783170058698917600,3.342917724609375,0.38341447710990906,0.07796041667461395,0.08675204962491989
1783170058708987600,3.352987548828125,0.4929329752922058,0.3563893735408783,0.10013576596975327
1783170058719056600,3.363056640625,0.5773999094963074,0.6425762176513672,0.17062537372112274
1783170058729126700,3.373126708984375,0.6586121916770935,0.7479205131530762,0.27808046340942383
1783170058739196700,3.38319677734375,0.6599776744842529,0.5621612668037415,0.3775041699409485
1783170058749265700,3.393265625,0.5448468327522278,0.4068225920200348,0.37346893548965454
1783170058759335700,3.403335693359375,0.3412933647632599,0.4257480800151825,0.2630763053894043
1783170058769405700,3.41340576171875,0.15091970562934875,0.39115387201309204,-0.08942635357379913
1783170058779474700,3.423474609375,0.09058206528425217,0.12860055267810822,-0.7000569701194763
1783170058789544700,3.433544677734375,0.13147489726543427,-0.23259972035884857,-1.1968382596969604
1783170058799614700,3.44361474609375,0.10388437658548355,-0.5631092190742493,-1.243088722229004
1783170058809683700,3.45368359375,-0.030403388664126396,-0.8937302827835083,-0.7172991037368774
1783170058819753700,3.463753662109375,-0.19166971743106842,-1.1005268096923828,-0.029702110216021538
1783170058829823700,3.47382373046875,-0.4069540500640869,-1.0277780294418335,0.3600592315196991
1783170058839892700,3.483892822265625,-0.5532623529434204,-0.5775375366210938,0.449684739112854
1783170058849962800,3.493962646484375,-0.6174037456512451,-0.10487544536590576,0.5343905687332153
1783170058860031500,3.504031494140625,-0.6140726804733276,0.1699940711259842,0.7568101286888123
1783170058870101800,3.514101806640625,-0.5703533887863159,0.4564817547798157,0.9766977429389954
1783170058880171800,3.524171875,-0.38129639625549316,0.6272713541984558,1.0462050437927246
1783170058890240800,3.53424072265625,-0.026463212445378304,0.5025008916854858,0.8523260951042175
1783170058900310800,3.544310791015625,0.41166427731513977,0.02558669075369835,0.49182453751564026
1783170058910380500,3.554380615234375,0.6485822200775146,-0.4253738522529602,0.22798676788806915
1783170058920449800,3.56444970703125,0.7439954876899719,-0.5956169366836548,0.08317285031080246
1783170058930519800,3.574519775390625,0.7077174186706543,-0.6147533655166626,-0.0628914162516594
1783170058940589600,3.584589599609375,0.5554314851760864,-0.5099075436592102,-0.2550622820854187
1783170058950658800,3.594658935546875,0.300079882144928,-0.32267501950263977,-0.38153979182243347
1783170058960728600,3.604728515625,0.004069922491908073,-0.15945947170257568,-0.27974748611450195
1783170058970798800,3.614798828125,-0.32335135340690613,-0.011439643800258636,-0.04929457977414131
1783170058980867600,3.62486767578125,-0.6032899618148804,0.016958177089691162,0.17979374527931213
1783170058990937600,3.6349375,-0.8225789070129395,-0.051732469350099564,0.2886427044868469
1783170059001007900,3.6450078125,-0.9166191220283508,-0.09494131803512573,0.3267613649368286
1783170059011076600,3.65507666015625,-0.9317232370376587,-0.04510319232940674,0.26775848865509033
1783170059021147000,3.66514697265625,-0.9110486507415771,0.0075280554592609406,0.13118135929107666
1783170059031216600,3.675216552734375,-0.8677120804786682,-0.016379674896597862,-0.02668708935379982
1783170059041285600,3.68528564453125,-0.8191153407096863,-0.028548717498779297,-0.10841059684753418
1783170059051355600,3.695355712890625,-0.7558042407035828,0.014001940377056599,-0.13883349299430847
1783170059061425700,3.70542578125,-0.6751382946968079,0.062021393328905106,-0.17468470335006714
1783170059071495000,3.715494873046875,-0.578971266746521,0.06279957294464111,-0.18203449249267578
1783170059081564400,3.725564453125,-0.49278926849365234,0.00746906828135252,-0.1313265860080719
1783170059091633400,3.73563330078125,-0.37479260563850403,-0.02680128812789917,-0.03319522738456726
1783170059101703400,3.745703369140625,-0.21551483869552612,0.024079736322164536,0.06903064996004105
1783170059111773400,3.7557734375,-0.06627049297094345,0.10645530372858047,0.12986551225185394
1783170059121842400,3.765842529296875,0.06587166339159012,0.15781331062316895,0.11343115568161011
1783170059131912400,3.775912353515625,0.15032608807086945,0.11280934512615204,0.049931805580854416
1783170059141982200,3.785982177734375,0.1941799372434616,0.03324274718761444,-0.06777439266443253
1783170059152051500,3.796051513671875,0.20242241024971008,-0.06354691088199615,-0.19548068940639496
1783170059162121200,3.806121337890625,0.18242257833480835,-0.14734646677970886,-0.21735039353370667
1783170059172191500,3.81619140625,0.14309461414813995,-0.21153610944747925,-0.17138850688934326
1783170059182260200,3.82626025390625,0.11624935269355774,-0.26565662026405334,-0.10988058149814606
1783170059192330200,3.836330322265625,0.1156243085861206,-0.2789236903190613,-0.048542920500040054
1783170059202400500,3.846400390625,0.10764429718255997,-0.24164767563343048,-0.001596558140590787
1783170059212469200,3.85646923828125,0.08565164357423782,-0.2061285674571991,0.024538107216358185
1783170059222539500,3.86653955078125,0.06726737320423126,-0.18418864905834198,0.0429399348795414
1783170059232609300,3.876609375,0.03748737648129463,-0.1379188895225525,0.06553179770708084
1783170059242678500,3.886678466796875,0.003178813960403204,-0.0727582648396492,0.06907902657985687
1783170059252748500,3.89674853515625,-0.02486400492489338,-0.024809647351503372,0.06892509758472443
1783170059262818300,3.906818359375,-0.0326145738363266,0.037055853754282,0.08150248974561691
1783170059272887600,3.916887451171875,-0.034814078360795975,0.1017213985323906,0.12558101117610931
1783170059282957300,3.926957275390625,-0.0636267364025116,0.10202993452548981,0.2155807763338089
1783170059293027300,3.93702734375,-0.11897549033164978,0.04189974442124367,0.22605764865875244
1783170059303096300,3.947096435546875,-0.157547727227211,-0.06801104545593262,0.1220843642950058
1783170059313166300,3.957166259765625,-0.15474767982959747,-0.17769625782966614,-0.047436490654945374
1783170059323235300,3.9672353515625,-0.1240062490105629,-0.16186656057834625,-0.2596539258956909
1783170059333305300,3.977305419921875,-0.07077977061271667,0.03087865188717842,-0.45924267172813416
1783170059343375400,3.987375244140625,0.009566466324031353,0.31644272804260254,-0.5131437182426453
1783170059353444400,3.9974443359375,0.08781599998474121,0.6346140503883362,-0.42584502696990967
1783170059363514400,4.007514404296875,0.11976722627878189,0.8944718837738037,-0.27447736263275146
1783170059373584400,4.01758447265625,0.1194780096411705,0.8578885793685913,-0.08321179449558258
1783170059383653400,4.0276533203125,0.08364352583885193,0.6117365956306458,0.0623023696243763
1783170059393723400,4.037723388671875,-0.004083665087819099,0.36169081926345825,0.08962320536375046
1783170059403793400,4.04779345703125,-0.07511484622955322,0.21315884590148926,-0.06397533416748047
1783170059413862400,4.0578623046875,-0.047400664538145065,0.1030413955450058,-0.5376526117324829
1783170059423932400,4.067932373046875,0.08011382818222046,0.0025430163368582726,-1.1616131067276
1783170059434002400,4.07800244140625,0.22922635078430176,-0.03546854853630066,-1.5547223091125488
1783170059444071200,4.0880712890625,0.3231127858161926,-0.1184622272849083,-1.4971343278884888
1783170059454141400,4.098141357421875,0.3311997652053833,-0.26620614528656006,-0.9924921989440918
1783170059464211500,4.10821142578125,0.22236907482147217,-0.3652399480342865,-0.3158147633075714
1783170059474280400,4.118280517578125,0.07895545661449432,-0.250139445066452,0.07733067125082016
1783170059484350500,4.1283505859375,-0.06830566376447678,-0.001009237952530384,0.09876582771539688
1783170059494420200,4.138420166015625,-0.26780280470848083,0.1721034198999405,-0.0523936003446579
1783170059504489500,4.148489501953125,-0.41380488872528076,0.1403934359550476,-0.23151904344558716
1783170059514559200,4.158559326171875,-0.474756121635437,-0.004678536206483841,-0.20974503457546234
1783170059524629200,4.168629150390625,-0.5355857610702515,-0.16981849074363708,0.05000859126448631
1783170059534698500,4.178698486328125,-0.4877084493637085,-0.3019898533821106,0.4457476735115051
1783170059544768300,4.188768310546875,-0.3483150005340576,-0.3277305066585541,0.8732937574386597
1783170059554837500,4.19883740234375,-0.12088583409786224,-0.27748730778694153,1.2371832132339478
1783170059564907300,4.2089072265625,0.1759641021490097,-0.06142651289701462,1.4150094985961914
1783170059574977300,4.218977294921875,0.30755889415740967,0.3341900706291199,1.100923776626587
1783170059585046300,4.22904638671875,0.20998282730579376,0.6121023893356323,0.33161893486976624
1783170059595116300,4.2391162109375,0.048428818583488464,0.5922077894210815,-0.2675022780895233
1783170059605186600,4.2491865234375,-0.02949672006070614,0.2943134903907776,-0.38255226612091064
1783170059615255300,4.25925537109375,0.044311460107564926,0.05373310297727585,-0.13714593648910522
1783170059625325600,4.26932568359375,0.14535346627235413,-0.04694250226020813,0.15179461240768433
1783170059635395300,4.279395263671875,0.2235681116580963,-0.14575056731700897,0.40856248140335083
1783170059645464300,4.28946435546875,0.28029781579971313,-0.34848812222480774,0.5175941586494446
1783170059655534300,4.299534423828125,0.34537482261657715,-0.5445375442504883,0.401488333940506
1783170059665604400,4.309604248046875,0.3704282343387604,-0.6142390966415405,0.15522900223731995
1783170059675673600,4.319673583984375,0.30896833539009094,-0.5380761623382568,-0.1698971539735794
1783170059685743400,4.329743408203125,0.15586136281490326,-0.3973220884799957,-0.43857479095458984
1783170059695813400,4.3398134765625,-0.045958295464515686,-0.17839959263801575,-0.5176410675048828
1783170059705882400,4.34988232421875,-0.29840362071990967,0.07803511619567871,-0.36571794748306274
1783170059715952400,4.359952392578125,-0.5332755446434021,0.3181403875350952,-0.10461153835058212
1783170059726022400,4.3700224609375,-0.7158041596412659,0.4180833697319031,0.23574396967887878
1783170059736091400,4.38009130859375,-0.8016197681427002,0.45516523718833923,0.4598489999771118
1783170059746161400,4.390161376953125,-0.7341063618659973,0.43984270095825195,0.4743625223636627
1783170059756230400,4.40023046875,-0.5915082097053528,0.37347379326820374,0.3002144396305084
1783170059766300400,4.410300537109375,-0.452077180147171,0.3216557502746582,0.02198447473347187
1783170059776370200,4.4203701171875,-0.3152160048484802,0.259245365858078,-0.20885834097862244
1783170059786439400,4.430439453125,-0.2044147551059723,0.21046985685825348,-0.3266087472438812
1783170059796509200,4.44050927734375,-0.13927170634269714,0.13662652671337128,-0.3582761287689209
1783170059806579500,4.450579345703125,-0.1243453323841095,0.0021137138828635216,-0.3246071934700012
1783170059816648400,4.4606484375,-0.1263570934534073,-0.16394023597240448,-0.2703964114189148
1783170059826718200,4.47071826171875,-0.1363021731376648,-0.3110010623931885,-0.1985180675983429
1783170059836788500,4.48078857421875,-0.10921221971511841,-0.42711541056632996,-0.13473641872406006
1783170059846857200,4.490857177734375,-0.04410789534449577,-0.4180959463119507,-0.09049859642982483
1783170059856927500,4.500927490234375,-0.006383685860782862,-0.2867509722709656,-0.09356974810361862
1783170059866997500,4.51099755859375,0.0033388391602784395,-0.13687892258167267,-0.11414575576782227
1783170059877066500,4.52106640625,-0.010285359807312489,-0.05242422968149185,-0.10557010769844055
1783170059887136500,4.531136474609375,-0.03493203967809677,-0.06055419147014618,-0.059136465191841125
1783170059897206300,4.541206298828125,-0.07827738672494888,-0.10659252107143402,-0.016579415649175644
1783170059907275500,4.551275634765625,-0.12694691121578217,-0.16671764850616455,-0.003843381069600582
1783170059917345300,4.56134521484375,-0.167153462767601,-0.22791175544261932,0.007140294183045626
1783170059927415300,4.571415283203125,-0.18734712898731232,-0.27428698539733887,0.015675552189350128
1783170059937484300,4.581484375,-0.20255589485168457,-0.2689843475818634,0.03808125853538513
1783170059947554300,4.59155419921875,-0.2309878170490265,-0.16930344700813293,0.09819234907627106
1783170059957623600,4.60162353515625,-0.23747047781944275,-0.053525444120168686,0.17367619276046753
1783170059967693300,4.611693359375,-0.21078480780124664,-0.014724384993314743,0.265647828578949
1783170059977763300,4.621763427734375,-0.19022279977798462,-0.013233548030257225,0.313205748796463
1783170059987832300,4.631832275390625,-0.19130337238311768,0.027140513062477112,0.2506926953792572
1783170059997902300,4.64190234375,-0.1932956874370575,0.10120487958192825,0.06221625953912735
1783170060007972400,4.651972412109375,-0.1566019356250763,0.2104199230670929,-0.17822173237800598
1783170060018041300,4.662041259765625,-0.08277192711830139,0.30204224586486816,-0.3743065893650055
1783170060028111400,4.672111328125,0.03507182374596596,0.2967582643032074,-0.39651963114738464
1783170060038181400,4.682181396484375,0.2033226191997528,0.21215097606182098,-0.24354660511016846
1783170060048250400,4.69225048828125,0.3381017744541168,0.04467236250638962,-0.0029141108971089125
1783170060058320400,4.7023203125,0.42832088470458984,-0.06793540716171265,0.13751810789108276
1783170060068390400,4.712390380859375,0.45640063285827637,-0.03870002552866936,0.10923647880554199
1783170060078459600,4.722459716796875,0.3325716555118561,0.11191131919622421,0.02310025878250599
1783170060088530000,4.732530029296875,0.09927582740783691,0.24444566667079926,-0.24861104786396027
1783170060098600000,4.742599853515625,-0.13619287312030792,0.23761412501335144,-0.6087939739227295
1783170060108669000,4.7526689453125,-0.21626468002796173,0.13603529334068298,-1.002744436264038
1783170060118739000,4.762739013671875,-0.16055800020694733,0.052279677242040634,-1.2346833944320679
1783170060128807700,4.7728076171875,-0.06468045711517334,-0.012780414894223213,-1.2005730867385864
1783170060138878000,4.7828779296875,-0.030700383707880974,-0.1848730891942978,-0.8845938444137573
1783170060148947700,4.79294775390625,-0.04912523180246353,-0.2994758188724518,-0.31717413663864136
1783170060159017000,4.803016845703125,-0.06413906812667847,-0.16900837421417236,0.2024993896484375
1783170060169087000,4.8130869140625,-0.03890706226229668,0.10540588200092316,0.3907126486301422
1783170060179156700,4.82315673828125,-0.06125923991203308,0.271016925573349,0.27599164843559265
1783170060189226000,4.83322607421875,-0.14991292357444763,0.2552381157875061,0.09601007401943207
1783170060199295700,4.843295654296875,-0.23967424035072327,0.08935834467411041,0.12693895399570465
1783170060209365800,4.85336572265625,-0.26471570134162903,-0.14999938011169434,0.3349890112876892
1783170060219434800,4.863434814453125,-0.22955158352851868,-0.47008123993873596,0.6104791760444641
1783170060229504800,4.8735048828125,-0.12948866188526154,-0.7714706659317017,0.9539059996604919
1783170060239574800,4.88357470703125,0.09654554724693298,-0.977145254611969,1.337632656097412
1783170060249643800,4.893643798828125,0.34689709544181824,-0.9304268956184387,1.5283570289611816
1783170060259713800,4.9037138671875,0.5107571482658386,-0.6596851348876953,1.264591932296753
1783170060269783800,4.91378369140625,0.573430597782135,-0.3468152582645416,0.6485683917999268
1783170060279852800,4.923852783203125,0.49013811349868774,-0.11645367741584778,0.05335430055856705
1783170060289922800,4.9339228515625,0.3390876054763794,0.011937717907130718,-0.27900588512420654
1783170060299991800,4.94399169921875,0.22057321667671204,0.08420339226722717,-0.28384271264076233
1783170060310061800,4.954061767578125,0.122383251786232,0.10249050706624985,-0.07478809356689453
1783170060320131800,4.9641318359375,0.13778936862945557,0.08770677447319031,0.22748282551765442
1783170060330200800,4.974200927734375,0.3048321008682251,0.16113652288913727,0.4884585440158844
1783170060340270800,4.984270751953125,0.5478804111480713,0.13802586495876312,0.6226546764373779
1783170060350340900,4.9943408203125,0.7395679950714111,0.02128155156970024,0.6211774349212646
1783170060360409900,5.004409912109375,0.7609177231788635,-0.16692191362380981,0.44458189606666565
1783170060370479900,5.01447998046875,0.7077414989471436,-0.4002804458141327,0.22851306200027466
1783170060380550000,5.0245498046875,0.6344022750854492,-0.5207445621490479,0.04667136073112488
1783170060390619000,5.034618896484375,0.5093830823898315,-0.4483393430709839,-0.05546265468001366
1783170060400689000,5.04468896484375,0.35057103633880615,-0.22012721002101898,-0.015635346993803978
1783170060410758700,5.054758544921875,0.16117015480995178,0.02501569502055645,0.06469392031431198
1783170060420828000,5.064827880859375,0.04384353384375572,0.21013042330741882,0.10717080533504486
1783170060430897700,5.074897705078125,0.0048456862568855286,0.34052759408950806,0.0821484848856926
1783170060440967700,5.0849677734375,-0.0030497871339321136,0.38611900806427,-0.030607623979449272
1783170060451037000,5.095036865234375,0.00737022515386343,0.3461102247238159,-0.1988360583782196
1783170060461106700,5.105106689453125,0.029817210510373116,0.2906264662742615,-0.3556075692176819
1783170060471176000,5.115176025390625,0.10890820622444153,0.20036888122558594,-0.42331379652023315
1783170060481245700,5.12524560546875,0.1648803949356079,0.14287789165973663,-0.3749571740627289
1783170060491316000,5.13531591796875,0.15212668478488922,0.17207971215248108,-0.21623411774635315
1783170060501384700,5.145384765625,0.12010058015584946,0.24414218962192535,-0.06161978840827942
1783170060511454700,5.155454833984375,0.09743694961071014,0.22123515605926514,0.02971413917839527
1783170060521525000,5.16552490234375,0.07598865032196045,0.17537471652030945,0.06787217408418655
1783170060531593700,5.17559375,0.04484664648771286,0.14660005271434784,0.05751069635152817
1783170060541664000,5.1856640625,0.05074954032897949,0.08159895241260529,-0.016150740906596184
1783170060551733800,5.195733642578125,0.09000848233699799,0.022721651941537857,-0.0957568883895874
1783170060561802800,5.205802734375,0.1338837891817093,0.010093475691974163,-0.12130486220121384
1783170060571873000,5.215873046875,0.1870526671409607,0.08901212364435196,-0.10416646301746368
1783170060581942800,5.22594287109375,0.2093646377325058,0.20101109147071838,-0.06691709160804749
1783170060592012000,5.236011962890625,0.21472817659378052,0.23013435304164886,-0.054013997316360474
1783170060602081800,5.246081787109375,0.17743779718875885,0.17311528325080872,-0.12106920033693314
1783170060612151800,5.25615185546875,0.12713997066020966,0.14515767991542816,-0.19148726761341095
1783170060622220800,5.266220703125,0.08223374933004379,0.15192556381225586,-0.17359082400798798
1783170060632290800,5.276290771484375,0.05859379470348358,0.16529464721679688,-0.13484783470630646
1783170060642359800,5.28635986328125,0.07985061407089233,0.14896893501281738,-0.1387440413236618
1783170060652429800,5.296429931640625,0.11361666023731232,0.14848610758781433,-0.13017292320728302
1783170060662499800,5.306499755859375,0.17579028010368347,0.23612168431282043,-0.11264584958553314
1783170060672568800,5.31656884765625,0.22915078699588776,0.40702444314956665,-0.10286329686641693
1783170060682637800,5.326637939453125,0.25812679529190063,0.5826828479766846,-0.12626342475414276
1783170060692706800,5.336706787109375,0.2753697633743286,0.6159934997558594,-0.19995591044425964
1783170060702776800,5.34677685546875,0.29844605922698975,0.47856536507606506,-0.283094197511673
1783170060712846800,5.356846923828125,0.29304826259613037,0.27589985728263855,-0.36510759592056274
1783170060722915800,5.366915771484375,0.21558649837970734,0.13534513115882874,-0.5120651125907898
1783170060732985900,5.37698583984375,0.12072670459747314,0.15971478819847107,-0.7665181159973145
1783170060743054800,5.387054931640625,0.056991398334503174,0.2954326868057251,-0.8928883075714111
1783170060753124600,5.39712451171875,0.027064042165875435,0.45202308893203735,-0.7337087392807007
1783170060763195000,5.40719482421875,0.042887214571237564,0.5003695487976074,-0.46354547142982483
1783170060773264000,5.417263916015625,0.017918625846505165,0.4168086349964142,-0.3742247223854065
1783170060783334000,5.427333984375,-0.07779698073863983,0.39689964056015015,-0.5351212024688721
1783170060793404000,5.43740380859375,-0.1313169300556183,0.3604525625705719,-0.6071396470069885
1783170060803472600,5.44747265625,-0.09304437041282654,0.3027850091457367,-0.4284404218196869
1783170060813543000,5.45754296875,-0.05922970175743103,0.23762942850589752,-0.14369556307792664
1783170060823613000,5.467613037109375,-0.05503442510962486,0.011687112040817738,0.08903222531080246
1783170060833682000,5.477681884765625,-0.0339755080640316,-0.4329659640789032,0.16675594449043274
1783170060843752000,5.487751953125,-0.013630024157464504,-0.9931488633155823,0.1723824143409729
1783170060853821700,5.49782177734375,-0.028988534584641457,-1.46980881690979,0.16778108477592468
1783170060863891000,5.507890869140625,-0.04278983548283577,-1.7605993747711182,0.11358335614204407
1783170060873960700,5.517960693359375,-0.08273976296186447,-1.6746113300323486,-0.03189321234822273
1783170060884030700,5.52803076171875,-0.07921453565359116,-1.207378625869751,-0.27049458026885986
1783170060894099700,5.538099609375,-0.06665883958339691,-0.5928475260734558,-0.5021229386329651
1783170060904169700,5.548169677734375,-0.09349897503852844,-0.12605531513690948,-0.5290895700454712
1783170060914239000,5.558239013671875,-0.15874113142490387,0.12246089428663254,-0.2464895099401474
1783170060924308700,5.568308837890625,-0.1832488626241684,0.2313690036535263,0.2706628441810608
1783170060934378800,5.578378662109375,-0.19271327555179596,0.46879181265830994,0.7181342244148254
1783170060944447700,5.58844775390625,-0.22114066779613495,0.5480861067771912,0.9900032877922058
1783170060954517800,5.598517822265625,-0.26792821288108826,0.42248114943504333,1.1154139041900635
1783170060964588000,5.608588134765625,-0.2804836630821228,0.31546151638031006,1.1652120351791382
1783170060974656800,5.61865673828125,-0.2998766005039215,0.3223898708820343,1.1002730131149292
1783170060984726800,5.628726806640625,-0.32609859108924866,0.3002273142337799,0.8860491514205933
1783170060994796800,5.638796875,-0.3216702938079834,0.13429437577724457,0.5859667062759399
1783170061004865800,5.64886572265625,-0.2806304693222046,-0.06475375592708588,0.3122102916240692
1783170061014935800,5.658935791015625,-0.23270532488822937,-0.21424709260463715,0.10226649045944214
1783170061025005800,5.669005859375,-0.20091623067855835,-0.3000490963459015,-0.06655874848365784
1783170061035075000,5.679074951171875,-0.19837282598018646,-0.3403044641017914,-0.16388225555419922
1783170061045144800,5.689144775390625,-0.22643350064754486,-0.33529213070869446,-0.19533231854438782
1783170061055217000,5.699216796875,-0.2648695111274719,-0.32407277822494507,-0.23089252412319183
1783170061065286000,5.709285888671875,-0.3059428930282593,-0.23915763199329376,-0.2459292709827423
1783170061075355600,5.719355712890625,-0.3576657176017761,-0.10774674266576767,-0.20493096113204956
1783170061085426200,5.72942626953125,-0.396825909614563,0.06031150370836258,-0.15434768795967102
1783170061095495200,5.7394951171875,-0.3982034921646118,0.222296804189682,-0.1446574479341507
1783170061105565200,5.749565185546875,-0.3840397298336029,0.31183362007141113,-0.2056289166212082
1783170061115634200,5.75963427734375,-0.3447410464286804,0.33887654542922974,-0.3340698480606079
1783170061125704200,5.7697041015625,-0.27381041646003723,0.323238730430603,-0.46207016706466675
1783170061135774200,5.779774169921875,-0.19298885762691498,0.26669928431510925,-0.5339956283569336
1783170061145843200,5.78984326171875,-0.12709985673427582,0.19242344796657562,-0.5705520510673523
1783170061155913200,5.799913330078125,-0.07428940385580063,0.12439566850662231,-0.5750424861907959
1783170061165983200,5.809983154296875,-0.023361243307590485,0.08565626293420792,-0.508389413356781
1783170061176052000,5.820052001953125,0.013112126849591732,0.09823637455701828,-0.39561307430267334
1783170061186122200,5.830122314453125,0.02215595543384552,0.11184379458427429,-0.2956976592540741
1783170061196192300,5.840192138671875,0.012047002092003822,0.1171066015958786,-0.2490749955177307
1783170061206261200,5.85026123046875,-0.007802602834999561,0.14006811380386353,-0.23663324117660522
1783170061216331300,5.860331298828125,-0.041625358164310455,0.11884578317403793,-0.2615634799003601
1783170061226401000,5.870401123046875,-0.07521180808544159,0.025902526453137398,-0.3085874319076538
1783170061236470300,5.88047021484375,-0.09835810214281082,-0.07083426415920258,-0.30425766110420227
1783170061246540300,5.890540283203125,-0.14056254923343658,-0.14758950471878052,-0.20784297585487366
1783170061256610000,5.900610107421875,-0.1695079803466797,-0.20156337320804596,-0.03338680416345596
1783170061266679300,5.91067919921875,-0.17811131477355957,-0.2630707025527954,0.19958199560642242
1783170061276749000,5.9207490234375,-0.18877629935741425,-0.32437360286712646,0.4129892587661743
1783170061286818300,5.930818359375,-0.21138758957386017,-0.29047366976737976,0.5446586012840271
1783170061296888000,5.94088818359375,-0.29857686161994934,-0.15407216548919678,0.6362150311470032
1783170061306958000,5.9509580078125,-0.4060218334197998,-0.008123212493956089,0.5849974155426025
1783170061317027000,5.961027099609375,-0.4735134541988373,-0.019703034311532974,0.3999735116958618
1783170061327097000,5.97109716796875,-0.48575547337532043,-0.18519853055477142,0.11919961869716644
1783170061337167400,5.98116748046875,-0.44014039635658264,-0.2896852493286133,-0.2384902536869049
1783170061347236000,5.991236083984375,-0.37072136998176575,-0.23351545631885529,-0.5170641541481018
1783170061357306400,6.001306396484375,-0.28843989968299866,0.07261291146278381,-0.5913185477256775
1783170061367376100,6.011376220703125,-0.23115558922290802,0.3567894995212555,-0.35357338190078735
1783170061377445000,6.021445068359375,-0.23846718668937683,0.4763619899749756,0.06698727607727051
1783170061387515400,6.031515380859375,-0.277567982673645,0.3037273585796356,0.4256431758403778
1783170061397585200,6.041585205078125,-0.28014257550239563,-0.11305376142263412,0.5269671678543091
1783170061407654400,6.051654296875,-0.24789540469646454,-0.6362557411193848,0.3843780755996704
1783170061417724200,6.06172412109375,-0.20149385929107666,-1.04523766040802,0.11270679533481598
1783170061427793200,6.071793212890625,-0.10125832259654999,-1.108239769935608,-0.2614409625530243
1783170061437863200,6.08186328125,0.0027866889722645283,-0.7916851043701172,-0.5190568566322327
1783170061447933200,6.09193310546875,0.03141726925969124,-0.30389493703842163,-0.4967488646507263
1783170061458002200,6.102002197265625,0.002109464956447482,0.15473732352256775,-0.2437858283519745
1783170061468072200,6.112072265625,-0.07234399765729904,0.3489148020744324,0.09488143026828766
1783170061478142200,6.12214208984375,-0.18438047170639038,0.08666014671325684,0.40264618396759033
1783170061488211200,6.132211181640625,-0.2818354070186615,-0.31228697299957275,0.5891603827476501
1783170061498281200,6.14228125,-0.39442023634910583,-0.5693838596343994,0.53448486328125
1783170061508351000,6.15235107421875,-0.44736653566360474,-0.6500909328460693,0.27288198471069336
1783170061518420200,6.162420166015625,-0.4666547179222107,-0.5495124459266663,-0.06807444244623184
1783170061528490200,6.172490234375,-0.44137945771217346,-0.3420114517211914,-0.2796058654785156
1783170061538560300,6.182560302734375,-0.3928673267364502,-0.2135738581418991,-0.33634263277053833
1783170061548629200,6.192629150390625,-0.3471307158470154,-0.2031443864107132,-0.17234304547309875
1783170061558699000,6.202698974609375,-0.2923066318035126,-0.33316242694854736,0.012666391208767891
1783170061568768300,6.212768310546875,-0.34441936016082764,-0.5261755585670471,0.24362823367118835
1783170061578838000,6.222838134765625,-0.4352717995643616,-0.6437394618988037,0.5023869276046753
1783170061588908300,6.232908203125,-0.4437297284603119,-0.49069103598594666,0.6454077363014221
1783170061598977000,6.24297705078125,-0.36089056730270386,-0.14752811193466187,0.714512825012207
1783170061609047300,6.25304736328125,-0.2178063839673996,0.15397606790065765,0.7279894948005676
1783170061619117300,6.263117431640625,-0.07787422835826874,0.2537047863006592,0.675727128982544
1783170061629186000,6.27318603515625,0.01420989353209734,0.13503408432006836,0.6080519556999207
1783170061639256300,6.28325634765625,0.06612103432416916,0.0704038143157959,0.608436644077301
1783170061649326300,6.293326416015625,0.050513576716184616,0.13436254858970642,0.6665534973144531
1783170061659395300,6.303395263671875,-0.007601924240589142,0.26820796728134155,0.6788455843925476
1783170061669465300,6.31346533203125,-0.06418371200561523,0.34478476643562317,0.5619250535964966
1783170061679535000,6.32353515625,-0.13020434975624084,0.40035656094551086,0.32258114218711853
1783170061689604400,6.333604248046875,-0.22084982693195343,0.334219366312027,-0.005379952490329742
1783170061699674000,6.343674072265625,-0.3647950291633606,0.20817752182483673,-0.2607652544975281
1783170061709743400,6.353743408203125,-0.5300306081771851,0.005865960381925106,-0.3793371915817261
1783170061719813000,6.363813232421875,-0.6791064143180847,-0.20456303656101227,-0.3620007634162903
1783170061729883100,6.373883056640625,-0.7738752365112305,-0.3611856698989868,-0.24587920308113098
1783170061739952000,6.3839521484375,-0.7843542098999023,-0.4327750504016876,-0.13237985968589783
1783170061750022100,6.394022216796875,-0.7322145700454712,-0.3549201786518097,-0.12330488115549088
1783170061760092200,6.404092041015625,-0.6270108819007874,-0.18231047689914703,-0.28526198863983154
1783170061770161200,6.4141611328125,-0.49603793025016785,0.00532680656760931,-0.479679137468338
1783170061780231200,6.424231201171875,-0.36861684918403625,0.16366037726402283,-0.5562828183174133
1783170061790301400,6.434301513671875,-0.27664056420326233,0.2841556668281555,-0.5449457764625549
1783170061800370200,6.4443701171875,-0.20090903341770172,0.2829825282096863,-0.5109086036682129
1783170061810440200,6.454440185546875,-0.1230858564376831,0.16562500596046448,-0.49796298146247864
1783170061820510200,6.46451025390625,-0.07609076797962189,0.06060470640659332,-0.5144848823547363
1783170061830579200,6.4745791015625,-0.03547915443778038,-0.012559783644974232,-0.5278065204620361
1783170061840649200,6.484649169921875,-0.015812966972589493,-0.04851604998111725,-0.49019646644592285
1783170061850718200,6.49471826171875,0.004098422825336456,-0.03926929086446762,-0.4576297402381897
1783170061860788200,6.504788330078125,0.022338662296533585,-0.0164240263402462,-0.45301440358161926
1783170061870858200,6.514858154296875,0.04054802656173706,-0.021447014063596725,-0.4613010883331299
1783170061880927200,6.52492724609375,0.04924337565898895,-0.04613599181175232,-0.42822518944740295
1783170061890997200,6.534997314453125,0.038371551781892776,-0.02123010903596878,-0.33997654914855957
1783170061901067300,6.5450673828125,-0.007256670389324427,0.0050957826897501945,-0.27509745955467224
1783170061911136300,6.55513623046875,-0.05586255341768265,-0.017019106075167656,-0.2641979455947876
1783170061921206300,6.565206298828125,-0.10933583974838257,-0.06528504937887192,-0.2340778112411499
1783170061931276300,6.5752763671875,-0.16430693864822388,-0.07449665665626526,-0.17748723924160004
1783170061941345300,6.58534521484375,-0.1952895075082779,-0.04429667070508003,-0.12714645266532898
1783170061951415300,6.595415283203125,-0.22362686693668365,-0.043953657150268555,-0.08444133400917053
1783170061961485000,6.605485107421875,-0.28658124804496765,-0.07027274370193481,-0.022997844964265823
1783170061971554300,6.61555419921875,-0.3329399526119232,-0.14402659237384796,0.07964038103818893
1783170061981624000,6.6256240234375,-0.3361423909664154,-0.27713897824287415,0.055940061807632446
1783170061991694300,6.6356943359375,-0.25617432594299316,-0.45371773838996887,-0.12717409431934357
1783170062001763000,6.64576318359375,-0.14768515527248383,-0.47753769159317017,-0.3122256398200989
1783170062011833000,6.6558330078125,-0.02675526961684227,-0.38206765055656433,-0.33361563086509705
1783170062021902300,6.66590234375,0.013882704079151154,-0.1694592535495758,-0.16231071949005127
1783170062031972000,6.67597216796875,-0.03487977385520935,-0.04004905745387077,0.08074532449245453
1783170062042042400,6.68604248046875,-0.10703373700380325,0.01937977597117424,0.2986376881599426
1783170062052111000,6.696111083984375,-0.1757049411535263,0.027941305190324783,0.4757842421531677
1783170062062181000,6.70618115234375,-0.2051239162683487,0.05872078239917755,0.41508492827415466
1783170062072251400,6.71625146484375,-0.19510190188884735,-0.08312929421663284,0.08624417334794998
1783170062082319000,6.726319091796875,-0.16704800724983215,-0.4908018708229065,-0.4187172055244446
1783170062092389000,6.73638916015625,-0.027767350897192955,-0.9723115563392639,-0.8856982588768005
1783170062102459000,6.746458984375,0.007346726953983307,-1.207792043685913,-1.1150749921798706
1783170062112528100,6.756528076171875,-0.09619138389825821,-0.9523022174835205,-0.9976658225059509
1783170062122598000,6.766597900390625,-0.31176677346229553,-0.4151434600353241,-0.627203643321991
1783170062132667100,6.776667236328125,-0.5628525018692017,0.15050077438354492,-0.05904674157500267
1783170062142737000,6.78673681640625,-0.7594938278198242,0.6399865746498108,0.4847017228603363
1783170062152807000,6.796806884765625,-0.850881040096283,0.9550779461860657,0.8772364854812622
1783170062162876000,6.8068759765625,-0.790353000164032,1.1212457418441772,1.0730655193328857
1783170062172946000,6.81694580078125,-0.6106876134872437,1.0757992267608643,0.9888158440589905
1783170062183016000,6.827015869140625,-0.3642351031303406,0.9043259620666504,0.7968800663948059
1783170062193085000,6.8370849609375,-0.12401450425386429,0.6646305322647095,0.632804811000824
1783170062203155000,6.847155029296875,0.05402631685137749,0.3247995972633362,0.5281871557235718
1783170062213225000,6.857224853515625,0.14543958008289337,0.002685484942048788,0.4480385482311249
1783170062223294000,6.8672939453125,0.16098123788833618,-0.2903224229812622,0.36862218379974365
1783170062233364200,6.8773642578125,0.12554654479026794,-0.5707804560661316,0.3343883156776428
1783170062243434000,6.88743408203125,0.08566831052303314,-0.7586491703987122,0.3581693470478058
1783170062253503000,6.8975029296875,0.04630785062909126,-0.7062477469444275,0.41907504200935364
1783170062263573000,6.907572998046875,0.005232991650700569,-0.502269446849823,0.5969569087028503
1783170062273642000,6.91764208984375,-0.014592643827199936,-0.3428605794906616,0.8389365077018738
1783170062283712000,6.9277119140625,-0.04783414304256439,-0.25113654136657715,1.0378711223602295
1783170062293782000,6.937781982421875,-0.09064312279224396,-0.18098381161689758,1.075041651725769
1783170062303851000,6.94785107421875,-0.14013922214508057,-0.09855526685714722,0.9207292795181274
1783170062313921000,6.957921142578125,-0.23378555476665497,-0.03844931349158287,0.7219752073287964
1783170062323991000,6.967990966796875,-0.33762431144714355,0.04308124631643295,0.5617505311965942
1783170062334060000,6.97806005859375,-0.4161268174648285,0.14400306344032288,0.4084624648094177
1783170062344130000,6.988130126953125,-0.4335745871067047,0.2569129765033722,0.24294476211071014
1783170062354199800,6.99819970703125,-0.4128299057483673,0.3639560639858246,0.0715666189789772
1783170062364269000,7.00826904296875,-0.3465217351913452,0.452318400144577,-0.07475277781486511
1783170062374339000,7.018339111328125,-0.2500801384449005,0.4984329044818878,-0.13407841324806213
1783170062384408000,7.028407958984375,-0.13809168338775635,0.46167051792144775,-0.1039990484714508
1783170062394478000,7.03847802734375,-0.03885137662291527,0.35959741473197937,-0.06520771235227585
1783170062404547800,7.0485478515625,0.03239109367132187,0.2480797916650772,-0.05657578632235527
1783170062414617000,7.0586171875,0.06535569578409195,0.1519700437784195,-0.05922217294573784
1783170062424686800,7.068686767578125,0.07758108526468277,0.09189099073410034,-0.03864510357379913
1783170062434757000,7.078757080078125,0.07588811218738556,0.09373150020837784,-0.01128378789871931
1783170062444825900,7.088825927734375,0.09421089291572571,0.1223844513297081,0.025596369057893753
1783170062454895900,7.098895751953125,0.10808756202459335,0.12505613267421722,0.029708823189139366
1783170062464966100,7.108966064453125,0.10064219683408737,0.12381657212972641,-0.004853978753089905
1783170062475035000,7.119034912109375,0.07189789414405823,0.1295383870601654,-0.058529190719127655
1783170062485105200,7.129105224609375,0.05296811833977699,0.11586236953735352,-0.09609144926071167
1783170062495174000,7.139173828125,0.03855402395129204,0.09258181601762772,-0.08228535950183868
1783170062505244000,7.149243896484375,0.0017637228593230247,0.05907033383846283,-0.09252046793699265
1783170062515314200,7.159314208984375,-0.024970153346657753,0.0011191507801413536,-0.1253945231437683
1783170062525383000,7.1693828125,-0.04203969985246658,-0.03885876014828682,-0.15822508931159973
1783170062535453200,7.179453125,-0.06845852732658386,-0.03633488342165947,-0.21163716912269592
1783170062545523000,7.18952294921875,-0.096384197473526,0.008205953985452652,-0.2313406616449356
1783170062555592000,7.199592041015625,-0.1251247674226761,0.054662931710481644,-0.2342642843723297
1783170062565662000,7.209661865234375,-0.1568709909915924,0.07728449255228043,-0.27317193150520325
1783170062575732000,7.21973193359375,-0.16811592876911163,0.0856739804148674,-0.3339577615261078
1783170062585801000,7.229801025390625,-0.1737598329782486,0.10975680500268936,-0.3925393521785736
1783170062595871000,7.23987109375,-0.19225922226905823,0.11030089110136032,-0.49841517210006714
1783170062605941000,7.24994091796875,-0.18714293837547302,0.1417793184518814,-0.5953464508056641
1783170062616010000,7.260010009765625,-0.12853528559207916,0.24759842455387115,-0.6382161378860474
1783170062626080000,7.270080078125,-0.0011185682378709316,0.4255468547344208,-0.6450570225715637
1783170062636149000,7.28014892578125,0.17469294369220734,0.7261487245559692,-0.6036914587020874
1783170062646219000,7.290218994140625,0.3425062894821167,0.9520539045333862,-0.5787174701690674
1783170062656289000,7.3002890625,0.43486419320106506,0.930167555809021,-0.6377163529396057
1783170062666358000,7.31035791015625,0.47269561886787415,0.6670795679092407,-0.7497742772102356
1783170062676428000,7.320427978515625,0.4534819722175598,0.32896625995635986,-0.8754630088806152
1783170062686498000,7.330498046875,0.38559868931770325,-0.04503411054611206,-0.9397750496864319
1783170062696567000,7.340567138671875,0.30335789918899536,-0.348385214805603,-0.9424813389778137
1783170062706636800,7.35063671875,0.22718225419521332,-0.6103552579879761,-0.7642929553985596
1783170062716707000,7.36070703125,0.23378610610961914,-0.6246857643127441,-0.4679829776287079
1783170062726775800,7.37077587890625,0.24083483219146729,-0.39529624581336975,-0.20097963511943817
1783170062736846000,7.38084619140625,0.17734001576900482,-0.23926137387752533,-0.06473816931247711
1783170062746915000,7.3909150390625,0.07167160511016846,-0.1793385148048401,-0.031660594046115875
1783170062756984800,7.40098486328125,-0.050955772399902344,-0.1422329545021057,-0.05357787758111954
1783170062767055000,7.41105517578125,-0.16239389777183533,-0.11331794410943985,-0.08620959520339966
1783170062777123800,7.421123779296875,-0.2177916318178177,-0.049104079604148865,-0.06002325937151909
1783170062787194000,7.431194091796875,-0.25886601209640503,0.10917571187019348,0.05893635004758835
1783170062797264100,7.44126416015625,-0.2693042457103729,0.2971184551715851,0.3180225193500519
1783170062807333000,7.4513330078125,-0.22569380700588226,0.44961345195770264,0.611605703830719
1783170062817403100,7.461403076171875,-0.1527642011642456,0.5170133113861084,0.7971246838569641
1783170062827473000,7.471472900390625,-0.07748038321733475,0.3887254595756531,0.8582384586334229
1783170062837542100,7.481542236328125,0.024465950205922127,0.16381564736366272,0.8391970992088318
1783170062847612000,7.49161181640625,0.14914745092391968,-0.015854910016059875,0.7430604100227356
1783170062857681200,7.50168115234375,0.23277735710144043,-0.09742727130651474,0.621234118938446
1783170062867751000,7.5117509765625,0.2642287015914917,-0.14663264155387878,0.5032723546028137
1783170062877821000,7.521821044921875,0.2615676522254944,-0.17307943105697632,0.42338794469833374
1783170062887890200,7.53189013671875,0.22508850693702698,-0.12694907188415527,0.2914500832557678
1783170062897960000,7.5419599609375,0.19200432300567627,-0.07825903594493866,0.12001626193523407
1783170062908030000,7.552030029296875,0.1357065737247467,-0.03531503304839134,0.02681855671107769
1783170062918099000,7.562098876953125,0.08699361979961395,-0.00916172843426466,0.07622765004634857
1783170062928169000,7.5721689453125,0.09934230893850327,-0.12912368774414062,0.2774800956249237
1783170062938239000,7.582239013671875,0.16013295948505402,-0.3218097686767578,0.5554640293121338
1783170062948308000,7.592307861328125,0.24613583087921143,-0.5663172006607056,0.7982466220855713
1783170062958378000,7.6023779296875,0.33640581369400024,-0.7151240110397339,0.9684486985206604
1783170062968447000,7.612447021484375,0.3637663722038269,-0.7454587817192078,1.0265847444534302
1783170062978517000,7.62251708984375,0.2979780435562134,-0.7092763185501099,0.9000274538993835
1783170062988587000,7.6325869140625,0.1505841165781021,-0.6471537947654724,0.6185432076454163
1783170062998656000,7.642656005859375,-0.039834022521972656,-0.5574167370796204,0.29563629627227783
1783170063008725800,7.652725830078125,-0.2076043039560318,-0.3832237124443054,0.04957015812397003
1783170063018796000,7.662796142578125,-0.3479079008102417,-0.2165476679801941,-0.07513342797756195
1783170063028865000,7.672864990234375,-0.4426734745502472,-0.07805836200714111,-0.07684449851512909
1783170063038935000,7.68293505859375,-0.4421464502811432,0.12035246193408966,-0.024626566097140312
1783170063049005000,7.693005126953125,-0.34436535835266113,0.31609398126602173,0.039211343973875046
1783170063059074000,7.703073974609375,-0.19809283316135406,0.4719395041465759,0.07005979865789413
1783170063069144000,7.71314404296875,-0.040663108229637146,0.530475378036499,0.016851507127285004
1783170063079213300,7.72321337890625,0.08850792795419693,0.47070208191871643,-0.13598944246768951
1783170063089283300,7.733283447265625,0.18569408357143402,0.33439725637435913,-0.39688798785209656
1783170063099353300,7.743353271484375,0.2466338574886322,0.16909030079841614,-0.6429462432861328
1783170063109422300,7.75342236328125,0.27396711707115173,0.027547821402549744,-0.7606667876243591
1783170063119492400,7.763492431640625,0.26224735379219055,-0.08180823177099228,-0.6889827847480774
1783170063129562400,7.773562255859375,0.21851304173469543,-0.16190825402736664,-0.4928033947944641
1783170063139631400,7.78363134765625,0.18122905492782593,-0.2057042121887207,-0.32282793521881104
1783170063149701400,7.793701416015625,0.16510404646396637,-0.20792701840400696,-0.2481512576341629
1783170063159771400,7.803771484375,0.1520865112543106,-0.18967264890670776,-0.2594156265258789
1783170063169840400,7.81384033203125,0.14636725187301636,-0.174378901720047,-0.3561307489871979
1783170063179910400,7.823910400390625,0.14486044645309448,-0.1978895664215088,-0.4255870580673218
1783170063189979400,7.8339794921875,0.15575511753559113,-0.2352953851222992,-0.4271985590457916
1783170063200049400,7.84404931640625,0.1523052603006363,-0.29038742184638977,-0.37536412477493286
1783170063210119200,7.854119140625,0.15921680629253387,-0.377048134803772,-0.3009967505931854
1783170063220188400,7.8641884765625,0.15983305871486664,-0.512805163860321,-0.23447629809379578
1783170063230258200,7.874258056640625,0.19435667991638184,-0.6176933646202087,-0.1775771975517273
1783170063240328200,7.884328125,0.2131149172782898,-0.5758692026138306,-0.03959296643733978
1783170063250397400,7.8943974609375,0.202389657497406,-0.4255060851573944,0.14227800071239471
1783170063260467200,7.90446728515625,0.1769719272851944,-0.27035456895828247,0.19767841696739197
1783170063270537500,7.914537353515625,0.17724286019802094,-0.07330595701932907,0.12818646430969238
1783170063280606200,7.924606201171875,0.21279287338256836,0.12322840094566345,0.02112153358757496
1783170063290676500,7.934676513671875,0.2652130424976349,0.3785497844219208,-0.10808765143156052
1783170063300745200,7.9447451171875,0.321056067943573,0.5079091191291809,-0.32907727360725403
1783170063310815200,7.954815185546875,0.43578919768333435,0.5398467779159546,-0.6141589879989624
1783170063320885500,7.964885498046875,0.5633189082145691,0.47484463453292847,-0.8381726145744324
1783170063330954200,7.974954345703125,0.6888931393623352,0.4338303506374359,-0.8446223139762878
1783170063341024500,7.9850244140625,0.7734541296958923,0.5460551381111145,-0.6777787804603577
1783170063351094300,7.99509423828125,0.7910834550857544,0.5788934826850891,-0.5447770357131958
1783170063361163300,8.005163330078124,0.7586448192596436,0.4469490945339203,-0.6353162527084351
1783170063371233300,8.0152333984375,0.7236921787261963,0.22572429478168488,-0.8063718676567078
1783170063381303300,8.02530322265625,0.6719210743904114,0.08273251354694366,-0.8175486326217651
1783170063391372500,8.03537255859375,0.6051115393638611,0.040288638323545456,-0.8371828198432922
1783170063401442300,8.0454423828125,0.5610119700431824,0.12468953430652618,-0.7410046458244324
1783170063411511300,8.05551123046875,0.41246774792671204,0.4829081892967224,-0.3855701684951782
1783170063421581300,8.065581298828125,0.20517446100711823,0.8423020243644714,0.16773644089698792
1783170063431651300,8.0756513671875,-0.010094361379742622,1.0463807582855225,0.6503095626831055
1783170063441720300,8.08572021484375,-0.17910708487033844,1.1034269332885742,0.7885435819625854
1783170063451790300,8.095790283203126,-0.27374303340911865,0.8526127338409424,0.7436647415161133
1783170063461860400,8.1058603515625,-0.149520143866539,0.5835713744163513,0.6484253406524658
1783170063471929300,8.115929443359375,0.06540431082248688,0.3111919164657593,0.5799872279167175
1783170063481999400,8.125999267578125,0.34281834959983826,0.11672789603471756,0.47469064593315125
1783170063492069000,8.136069091796875,0.645359456539154,0.07711230218410492,0.38886457681655884
1783170063502138400,8.146138427734375,0.8244876265525818,0.09337596595287323,0.3718626797199249
1783170063512208100,8.1562080078125,0.8088118433952332,0.16082333028316498,0.4012182950973511
1783170063522277400,8.16627734375,0.6410359144210815,0.42038220167160034,0.5731543302536011
1783170063532347400,8.176347412109376,0.4231489896774292,0.7177290320396423,0.8313168287277222
1783170063542417400,8.18641748046875,0.23951072990894318,0.8473861217498779,1.0422441959381104
1783170063552486400,8.196486328125,0.15349023044109344,0.8824416995048523,1.011237382888794
1783170063562556200,8.20655615234375,0.15041960775852203,0.7460926175117493,0.6605996489524841
1783170063572626400,8.21662646484375,0.21168997883796692,0.36276522278785706,0.11833426356315613
1783170063582695200,8.226695068359374,0.36155378818511963,-0.08932847529649734,-0.3321487307548523
1783170063592765400,8.236765380859374,0.48851147294044495,-0.387727290391922,-0.4706057608127594
1783170063602834200,8.246834228515626,0.5436301231384277,-0.5358400344848633,-0.3636351227760315
1783170063612904200,8.256904296875,0.5350954532623291,-0.6532435417175293,-0.09095081686973572
1783170063622974500,8.266974365234375,0.48675215244293213,-0.7429158687591553,0.24712790548801422
1783170063633043200,8.277043212890625,0.40190640091896057,-0.7182177305221558,0.5967853665351868
1783170063643113500,8.287113525390625,0.2982870638370514,-0.5028998255729675,0.8021973967552185
1783170063653183200,8.297183349609375,0.14517851173877716,-0.16099107265472412,0.7384514808654785
1783170063663252500,8.30725244140625,-0.04662420600652695,0.12325742840766907,0.5060968399047852
1783170063673322500,8.317322509765624,-0.22097498178482056,0.294443815946579,0.24109093844890594
1783170063683392300,8.327392333984376,-0.3466021418571472,0.3976024389266968,0.07655258476734161
1783170063693461500,8.33746142578125,-0.41810622811317444,0.4371872842311859,0.016154654324054718
1783170063703531300,8.34753125,-0.41361692547798157,0.3755928874015808,0.044174570590257645
1783170063713600500,8.3576005859375,-0.31947052478790283,0.27914994955062866,0.1360185444355011
1783170063723670300,8.367670166015625,-0.21456488966941833,0.18497632443904877,0.22799506783485413
1783170063733740300,8.377740234375,-0.07845048606395721,0.13695566356182098,0.20426905155181885
1783170063743809300,8.387809326171874,0.03657090663909912,0.10067355632781982,0.09859669208526611
1783170063753879300,8.39787939453125,0.11270009726285934,0.09308940917253494,0.0009771173354238272
1783170063763949300,8.40794921875,0.1500067114830017,0.08062314987182617,-0.06962993741035461
1783170063774018300,8.418018310546875,0.17123451828956604,0.07319839298725128,-0.09340193122625351
1783170063784088300,8.42808837890625,0.18964175879955292,0.015070907771587372,-0.10652226209640503
1783170063794158300,8.438158447265625,0.20618107914924622,-0.08129517734050751,-0.12582066655158997
1783170063804227300,8.448227294921875,0.23080439865589142,-0.1786707192659378,-0.15354950726032257
1783170063814297300,8.45829736328125,0.30895286798477173,-0.24526214599609375,-0.16953997313976288
1783170063824366300,8.468366455078124,0.38287848234176636,-0.3136710226535797,-0.14707913994789124
1783170063834436400,8.478436279296876,0.428311288356781,-0.3374902307987213,-0.08411496877670288
1783170063844506400,8.48850634765625,0.4452529847621918,-0.312524676322937,-0.012735063210129738
1783170063854575400,8.498575439453125,0.44404497742652893,-0.2822064459323883,0.07703450322151184
1783170063864645000,8.50864501953125,0.4103940725326538,-0.25287866592407227,0.13127297163009644
1783170063874715400,8.51871533203125,0.36299100518226624,-0.24405039846897125,0.12972119450569153
1783170063884784000,8.5287841796875,0.30507442355155945,-0.2580772638320923,0.07382062822580338
1783170063894854400,8.5388544921875,0.2677207887172699,-0.27349379658699036,0.035133495926856995
1783170063904923400,8.54892333984375,0.2375173568725586,-0.2618275582790375,0.032972607761621475
1783170063914993400,8.558993408203126,0.2215273529291153,-0.2726500630378723,0.06407959014177322
1783170063925063400,8.5690634765625,0.22777380049228668,-0.3228895366191864,0.10115744918584824
1783170063935132200,8.579132080078125,0.2870416045188904,-0.3455860912799835,0.11673810333013535
1783170063945202400,8.589202392578125,0.371245414018631,-0.2878522276878357,0.07893213629722595
1783170063955272400,8.5992724609375,0.44893091917037964,-0.12034989148378372,-0.11869839578866959
1783170063965341400,8.609341552734374,0.4730951189994812,0.05415000393986702,-0.3796844482421875
1783170063975411500,8.619411376953124,0.5189162492752075,0.2999405860900879,-0.5575701594352722
1783170063985481200,8.629481201171876,0.5868484377861023,0.49843209981918335,-0.49639707803726196
1783170063995550500,8.639550537109375,0.7064726948738098,0.662644624710083,-0.1976962834596634
1783170064005620200,8.6496201171875,0.8202200531959534,0.6767582893371582,0.04360421746969223
1783170064015689500,8.659689453125,0.8391616344451904,0.3847406804561615,-0.03862445056438446
1783170064025759200,8.66975927734375,0.7022501230239868,-0.28162509202957153,-0.40345168113708496
1783170064035829200,8.679829345703125,0.4631163477897644,-0.8924599289894104,-0.7595036029815674
1783170064045898500,8.6898984375,0.21191583573818207,-1.109682559967041,-0.9160184264183044
1783170064055968300,8.69996826171875,0.03296045958995819,-0.8071280121803284,-0.7978677749633789
1783170064066038300,8.710038330078126,-0.06821382790803909,-0.12198775261640549,-0.4130348861217499
1783170064076107300,8.720107177734375,-0.12572062015533447,0.5171285271644592,0.07440291345119476
1783170064086177500,8.730177490234375,-0.17599737644195557,0.7863099575042725,0.4221124053001404
1783170064096246800,8.740246826171875,-0.22160780429840088,0.6465761661529541,0.5656316876411438
1783170064106316800,8.75031689453125,-0.24533496797084808,0.31196436285972595,0.5329076051712036
1783170064116386600,8.760386474609374,-0.263126939535141,0.02008737623691559,0.4211500287055969
1783170064126455800,8.770455810546874,-0.2634260058403015,-0.13732463121414185,0.2892921268939972
1783170064136525600,8.780525634765626,-0.22890906035900116,-0.1190316379070282,0.20175421237945557
1783170064146595800,8.790595947265626,-0.19270791113376617,0.0517832413315773,0.1676654815673828
1783170064156664600,8.80066455078125,-0.15729978680610657,0.24935437738895416,0.2832873463630676
1783170064166734600,8.810734619140625,-0.1310841590166092,0.4122018814086914,0.45694756507873535
1783170064176804900,8.820804931640625,-0.08853185176849365,0.3296489417552948,0.6073843836784363
1783170064186873600,8.83087353515625,-0.03520524501800537,0.0012953062541782856,0.7166581749916077
1783170064196944000,8.84094384765625,0.045261602848768234,-0.2670679986476898,0.8244580030441284
1783170064207012600,8.8510126953125,0.12723396718502045,-0.3538612127304077,0.8719901442527771
1783170064217082600,8.86108251953125,0.24997615814208984,-0.3190363645553589,0.7963758707046509
1783170064227153000,8.87115283203125,0.3646728992462158,-0.11123070865869522,0.6119181513786316
1783170064237221600,8.8812216796875,0.4210401475429535,0.1515970528125763,0.4520511031150818
1783170064247292000,8.8912919921875,0.3853950500488281,0.37408018112182617,0.41217052936553955
1783170064257361700,8.901361572265625,0.3226585388183594,0.4434761703014374,0.49433434009552
1783170064267430700,8.9114306640625,0.26401761174201965,0.38796818256378174,0.6052156090736389
1783170064277500700,8.921500732421874,0.23114542663097382,0.22822806239128113,0.7370271682739258
1783170064287569700,8.931569580078126,0.23513057827949524,-0.009133636020123959,0.848491907119751
1783170064297639700,8.9416396484375,0.24686923623085022,-0.212016299366951,0.9344950318336487
1783170064307709700,8.951709716796875,0.20981721580028534,-0.2872748374938965,0.9563784599304199
1783170064317778700,8.96177880859375,0.1589619517326355,-0.24357929825782776,0.8265798091888428
1783170064327848700,8.9718486328125,0.1311633437871933,-0.12176656723022461,0.5036702156066895
1783170064337918700,8.981918701171875,0.1201106458902359,-0.024754147976636887,0.1505022794008255
1783170064347987700,8.99198779296875,0.11451508104801178,0.0982133224606514,-0.03978271037340164
1783170064358057700,9.0020576171875,0.10757554322481155,0.26468512415885925,-0.08186346292495728
1783170064368127700,9.012127685546876,0.09893811494112015,0.3956809639930725,-0.06406289339065552
1783170064378196700,9.02219677734375,0.07967150956392288,0.49787282943725586,-0.040995825082063675
1783170064388266800,9.032266845703125,0.027579279616475105,0.5504391193389893,-0.015133335255086422
1783170064398335700,9.042335693359375,-0.021126961335539818,0.5774109363555908,-0.03793743997812271
1783170064408405800,9.05240576171875,-0.06726329773664474,0.5592105984687805,-0.17174585163593292
1783170064418475500,9.0624755859375,-0.11115799099206924,0.5812891721725464,-0.15305280685424805
1783170064428544800,9.072544677734374,-0.11040618270635605,0.3401862680912018,-0.4810304343700409
1783170064438614500,9.082614501953126,-0.08193191140890121,-0.033924464136362076,-0.78227299451828
1783170064448684800,9.092684814453126,-0.038908276706933975,-0.28626564145088196,-0.8821383714675903
1783170064458753800,9.10275390625,-0.005666670389473438,-0.3630391061306,-0.6749655604362488
1783170064468823600,9.112823486328125,0.0013550202129408717,-0.3177350163459778,-0.2942434847354889
1783170064478892800,9.122892822265625,-0.018786435946822166,-0.23728758096694946,0.034725990146398544
